City,Country
margaret river,AU
punta arenas,CL
port-aux-francais,TF
puerto natales,CL
adamstown,PN
arauco,CL
puerto ayora,EC
dalandzadgad,MN
isafjordur,IS
hermanus,ZA
qaqortoq,GL
gierloz,PL
ribeira grande,PT
lhasa,CN
mont-dore,NC
kingman,US
yuzhno-kurilsk,RU
new norfolk,AU
namtsy,RU
invercargill,NZ
edinburgh of the seven seas,SH
wenchang,CN
antsiranana,MG
talcahuano,CL
tazacorte,ES
beberibe,BR
albany,US
kirakira,SB
sola,VU
winkler,CA
waitangi,NZ
las khorey,SO
sittwe,MM
blackmans bay,AU
estebania,DO
grytviken,GS
st. john's,CA
tarawa,KI
yellowknife,CA
kirensk,RU
turkeli,TR
punta del este,UY
georgetown,MY
labrador city,CA
silvis,US
plettenberg bay,ZA
ancud,CL
vadso,NO
college,US
whitehorse,CA
longyearbyen,SJ
kenai,US
kristiansund,NO
igarka,RU
badger,US
san julian,MX
kodiak,US
iqaluit,CA
avarua,CK
port augusta,AU
lazaro cardenas,MX
guatrache,AR
talnakh,RU
tchintabaraden,NE
altai,MN
selfoss,IS
saipan,MP
okondja,GA
nemuro,JP
thompson,CA
katsuura,JP
ushuaia,AR
casablanca,MA
rumoi,JP
tarakan,ID
san patricio,US
axim,GH
praia da vitoria,PT
lebu,CL
atafu village,TK
klyuchi,RU
weno,FM
minas de matahambre,CU
fort bragg,US
lata,PT
majuro,MH
port mathurin,MU
nantucket,US
sant lluis,ES
hilo,US
margate,GB
richards bay,ZA
vorgashor,RU
hirara,JP
iskateley,RU
conde-sur-noireau,FR
boguchany,RU
bilibino,RU
swakopmund,NA
karratha,AU
olenino,RU
kailua-kona,US
alofi,NU
bethel,US
urdinarrain,AR
luderitz,NA
chonchi,CL
bredasdorp,ZA
newman,US
saldanha,ZA
tocopilla,CL
anadyr,RU
kashgar,CN
salalah,OM
enewetak,MH
torit,SS
port douglas,AU
hithadhoo,MV
palmer,US
olonkinbyen,SJ
rumphi,MW
inarajan village,GU
mount isa,AU
l'govskiy,RU
uturoa,PF
betio village,KI
mizdah,LY
williams lake,CA
ilulissat,GL
alotau,PG
west island,CC
touros,BR
madagali,NG
george town,MY
ayorou,NE
ta`u,AS
papatowai,NZ
stanley,GB
tual,ID
usinsk,RU
hadibu,YE
yokadouma,CM
watsa,CD
san-pedro,CI
vila franca do campo,PT
happy valley-goose bay,CA
chulym,RU
wailua homesteads,US
kilindoni,TZ
al kharj,SA
griffith,US
gadzhiyevo,RU
konosha,RU
manta,EC
gorelki,RU
macas,EC
aasiaat,GL
portland,US
hasaki,JP
garibaldi,BR
teknaf,BD
thinadhoo,MV
minas de marcona,PE
tazovsky,RU
laredo,US
iwanai,JP
nyurba,RU
sancti spiritus,CU
qamdo,CN
lianran,CN
reynosa,MX
wynyard,AU
kzyltu,KZ
petropavlovsk-kamchatsky,RU
dudinka,RU
isangel,VU
merizo village,GU
antsohihy,MG
oyem,GA
okhotsk,RU
luganville,VU
holualoa,US
port elizabeth,ZA
udachny,RU
lucapa,AO
intendente alvear,AR
at taj,LY
preobrazheniye,RU
broome,US
saint-philippe,RE
ambanja,MG
bagua grande,PE
tiksi,RU
lahan,NP
nizhneudinsk,RU
malaryta,BY
sao lourenco do sul,BR
fort st. john,CA
yatou,CN
wright,US
aguadilla,PR
chicoana,AR
pointe-noire,CG
port lincoln,AU
pontivy,FR
kone,NC
korla,CN
igurubi,TZ
alaghsas,NE
hobyo,SO
sisimiut,GL
susuman,RU
jincheng,CN
cabo san lucas,MX
kijang,KR
dauphin,CA
plastun,RU
dondaicha,IN
ferkessedougou,CI
ebon,MH
hamilton,US
arroyo,ES
camana,PE
villajoyosa,ES
batroun,LB
neiafu,TO
aykhal,RU
nova sintra,CV
kaduy,RU
xiaoweizhai,CN
ormara,PK
lalibela,ET
moussoro,TD
kiruna,SE
jamestown,US
dapaong,TG
filadelfia,US
keflavik,IS
crane,US
fuglafjordur,FO
qionghu,CN
anapolis,BR
tselinnoye,RU
tamanrasset,DZ
arkhangel'sk,RU
kapuskasing,CA
dongning,CN
itoman,JP
ola,RU
brookings,US
ketchikan,US
mogocha,RU
howrah,IN
angaur state,PW
conde,BR
frederikshavn,DK
posse,BR
yanam,IN
lugoba,TZ
hawaiian paradise park,US
codrington,AU
abashiri,JP
glace bay,CA
alzamay,RU
guerrero negro,MX
capao da canoa,BR
ust-nera,RU
selkirk,CA
carnarvon,AU
aracati,BR
floro,NO
tiquipaya,BO
chibougamau,CA
tobruk,LY
sovetskaya gavan',RU
mata-utu,WF
yangjiang,CN
la'ie,US
sonoita,MX
gazojak,TM
klaksvik,FO
christchurch,NZ
island harbour,GB
undurkhaan,MN
bom jesus da lapa,BR
mccook,US
isla mujeres,MX
flying fish cove,CX
byram,US
potam,MX
bardai,NG
timmins,CA
calca,PE
port alfred,ZA
quixeramobim,BR
constantia,RO
fiambala,AR
fortaleza,BR
whakatane,NZ
plant city,US
buta,CD
kill devil hills,US
nagqu,CN
sena madureira,BR
coro,VE
vila velha,BR
malabar,AU
tolanaro,MG
alice springs,AU
puerto deseado,AR
bamboo flat,IN
ponta delgada,PT
grand-bassam,CI
sitka,US
dong ha,VN
utrik,MH
ar rutbah,IQ
jinchang,CN
sao felix do xingu,BR
paso de carrasco,UY
dunedin,NZ
east london,ZA
bereznik,RU
saudarkrokur,IS
tindouf,DZ
tura,IN
bilmak,UA
zolochiv,UA
lompoc,US
port moresby,PG
humberto de campos,BR
kangding,CN
oakdale,US
umluj,SA
licheng,CN
enshi,CN
fujin,CN
sakaiminato,JP
vilyuchinsk,RU
barkot,IN
khorramabad,IR
aitape,PG
cold lake,CA
mozarlandia,BR
kyzylorda,KZ
rethymno,GR
st ives,GB
bondo,CD
bathurst,AU
hammerfest,NO
sault ste. marie,CA
arica,CL
powell,US
ambasamudram,IN
huicheng,CN
rio grande,BR
grand baie,MU
kota kinabalu,MY
yoko,CM
villamontes,BO
greenville,US
makokou,GA
nikolayevsk-on-amure,RU
port saint john's,ZA
remire-montjoly,GF
ilhabela,BR
pokaran,IN
ca mau,VN
goundi,TD
necochea,AR
palikir - national government center,FM
orange cove,US
kayyerkan,RU
maturin,VE
castillos,UY
enid,US
gwadar,PK
san luis,AR
limburg an der lahn,DE
fort wellington,GY
labytnangi,RU
chemax,MX
sinabang,ID
antofagasta,CL
ahuacatlan,MX
pizarro,CO
buala,SB
afaahiti,PF
broken hill,AU
paracale,PH
ankang,CN
novopskov,UA
atchison,US
gamba,GA
jiuquan,CN
'ain benian,DZ
mar del plata,AR
balcarce,AR
nurota,UZ
san antonio de pale,GQ
tumayr,SA
acarau,BR
la passe,FR
kikwit,CD
vilyuysk,RU
haiku-pauwela,US
egilsstadir,IS
baardheere,SO
tromso,NO
gbarnga,LR
vyazemskiy,RU
yongchuan,CN
calvinia,ZA
chernyshevsk,RU
taveta,KE
bandon,IE
hancheng,CN
sao jose da coroa grande,BR
mili,MH
fortuna,US
okha,RU
ziro,IN
al hamul,EG
mahina,PF
sakakah,SA
gorgan,IR
bangassou,CF
